method,keep,mask_p,sampling,cs_type,F_0,n_certify,certified
cip-affine,512,0.1,iid,hoeffding,0.9,889,True
cip-affine,512,0.1,iid,hoeffding,0.95,4172,True
cip-affine,512,0.1,iid,hoeffding,0.99,10000,False
cip-affine,512,0.1,iid,betting,0.9,64,True
cip-affine,512,0.1,iid,betting,0.95,125,True
cip-affine,512,0.1,iid,betting,0.99,613,True
cip-affine,512,0.1,adaptive,hoeffding,0.9,1976,True
cip-affine,512,0.1,adaptive,hoeffding,0.95,9156,True
cip-affine,512,0.1,adaptive,hoeffding,0.99,10000,False
cip-affine,512,0.1,adaptive,betting,0.9,90,True
cip-affine,512,0.1,adaptive,betting,0.95,177,True
cip-affine,512,0.1,adaptive,betting,0.99,875,True
cip-affine,512,0.2,iid,hoeffding,0.9,889,True
cip-affine,512,0.2,iid,hoeffding,0.95,4172,True
cip-affine,512,0.2,iid,hoeffding,0.99,10000,False
cip-affine,512,0.2,iid,betting,0.9,64,True
cip-affine,512,0.2,iid,betting,0.95,125,True
cip-affine,512,0.2,iid,betting,0.99,613,True
cip-affine,512,0.2,adaptive,hoeffding,0.9,1976,True
cip-affine,512,0.2,adaptive,hoeffding,0.95,9156,True
cip-affine,512,0.2,adaptive,hoeffding,0.99,10000,False
cip-affine,512,0.2,adaptive,betting,0.9,90,True
cip-affine,512,0.2,adaptive,betting,0.95,177,True
cip-affine,512,0.2,adaptive,betting,0.99,875,True
cip-affine,512,0.5,iid,hoeffding,0.9,889,True
cip-affine,512,0.5,iid,hoeffding,0.95,4172,True
cip-affine,512,0.5,iid,hoeffding,0.99,10000,False
cip-affine,512,0.5,iid,betting,0.9,64,True
cip-affine,512,0.5,iid,betting,0.95,125,True
cip-affine,512,0.5,iid,betting,0.99,613,True
cip-affine,512,0.5,adaptive,hoeffding,0.9,1976,True
cip-affine,512,0.5,adaptive,hoeffding,0.95,9156,True
cip-affine,512,0.5,adaptive,hoeffding,0.99,10000,False
cip-affine,512,0.5,adaptive,betting,0.9,90,True
cip-affine,512,0.5,adaptive,betting,0.95,177,True
cip-affine,512,0.5,adaptive,betting,0.99,875,True
cip-affine,384,0.1,iid,hoeffding,0.9,1081,True
cip-affine,384,0.1,iid,hoeffding,0.95,6746,True
cip-affine,384,0.1,iid,hoeffding,0.99,10000,False
cip-affine,384,0.1,iid,betting,0.9,93,True
cip-affine,384,0.1,iid,betting,0.95,233,True
cip-affine,384,0.1,iid,betting,0.99,10000,False
cip-affine,384,0.1,adaptive,hoeffding,0.9,2591,True
cip-affine,384,0.1,adaptive,hoeffding,0.95,10000,False
cip-affine,384,0.1,adaptive,hoeffding,0.99,10000,False
cip-affine,384,0.1,adaptive,betting,0.9,90,True
cip-affine,384,0.1,adaptive,betting,0.95,177,True
cip-affine,384,0.1,adaptive,betting,0.99,10000,False
cip-affine,384,0.2,iid,hoeffding,0.9,1425,True
cip-affine,384,0.2,iid,hoeffding,0.95,10000,False
cip-affine,384,0.2,iid,hoeffding,0.99,10000,False
cip-affine,384,0.2,iid,betting,0.9,136,True
cip-affine,384,0.2,iid,betting,0.95,413,True
cip-affine,384,0.2,iid,betting,0.99,10000,False
cip-affine,384,0.2,adaptive,hoeffding,0.9,3754,True
cip-affine,384,0.2,adaptive,hoeffding,0.95,10000,False
cip-affine,384,0.2,adaptive,hoeffding,0.99,10000,False
cip-affine,384,0.2,adaptive,betting,0.9,214,True
cip-affine,384,0.2,adaptive,betting,0.95,1202,True
cip-affine,384,0.2,adaptive,betting,0.99,10000,False
cip-affine,384,0.5,iid,hoeffding,0.9,10000,False
cip-affine,384,0.5,iid,hoeffding,0.95,10000,False
cip-affine,384,0.5,iid,hoeffding,0.99,10000,False
cip-affine,384,0.5,iid,betting,0.9,10000,False
cip-affine,384,0.5,iid,betting,0.95,10000,False
cip-affine,384,0.5,iid,betting,0.99,10000,False
cip-affine,384,0.5,adaptive,hoeffding,0.9,10000,False
cip-affine,384,0.5,adaptive,hoeffding,0.95,10000,False
cip-affine,384,0.5,adaptive,hoeffding,0.99,10000,False
cip-affine,384,0.5,adaptive,betting,0.9,10000,False
cip-affine,384,0.5,adaptive,betting,0.95,10000,False
cip-affine,384,0.5,adaptive,betting,0.99,10000,False
cip-affine,256,0.1,iid,hoeffding,0.9,1219,True
cip-affine,256,0.1,iid,hoeffding,0.95,9849,True
cip-affine,256,0.1,iid,hoeffding,0.99,10000,False
cip-affine,256,0.1,iid,betting,0.9,93,True
cip-affine,256,0.1,iid,betting,0.95,342,True
cip-affine,256,0.1,iid,betting,0.99,10000,False
cip-affine,256,0.1,adaptive,hoeffding,0.9,3042,True
cip-affine,256,0.1,adaptive,hoeffding,0.95,10000,False
cip-affine,256,0.1,adaptive,hoeffding,0.99,10000,False
cip-affine,256,0.1,adaptive,betting,0.9,90,True
cip-affine,256,0.1,adaptive,betting,0.95,629,True
cip-affine,256,0.1,adaptive,betting,0.99,10000,False
cip-affine,256,0.2,iid,hoeffding,0.9,3663,True
cip-affine,256,0.2,iid,hoeffding,0.95,10000,False
cip-affine,256,0.2,iid,hoeffding,0.99,10000,False
cip-affine,256,0.2,iid,betting,0.9,272,True
cip-affine,256,0.2,iid,betting,0.95,10000,False
cip-affine,256,0.2,iid,betting,0.99,10000,False
cip-affine,256,0.2,adaptive,hoeffding,0.9,6968,True
cip-affine,256,0.2,adaptive,hoeffding,0.95,10000,False
cip-affine,256,0.2,adaptive,hoeffding,0.99,10000,False
cip-affine,256,0.2,adaptive,betting,0.9,597,True
cip-affine,256,0.2,adaptive,betting,0.95,8224,True
cip-affine,256,0.2,adaptive,betting,0.99,10000,False
cip-affine,256,0.5,iid,hoeffding,0.9,10000,False
cip-affine,256,0.5,iid,hoeffding,0.95,10000,False
cip-affine,256,0.5,iid,hoeffding,0.99,10000,False
cip-affine,256,0.5,iid,betting,0.9,10000,False
cip-affine,256,0.5,iid,betting,0.95,10000,False
cip-affine,256,0.5,iid,betting,0.99,10000,False
cip-affine,256,0.5,adaptive,hoeffding,0.9,10000,False
cip-affine,256,0.5,adaptive,hoeffding,0.95,10000,False
cip-affine,256,0.5,adaptive,hoeffding,0.99,10000,False
cip-affine,256,0.5,adaptive,betting,0.9,10000,False
cip-affine,256,0.5,adaptive,betting,0.95,10000,False
cip-affine,256,0.5,adaptive,betting,0.99,10000,False
cip-affine,128,0.1,iid,hoeffding,0.9,3393,True
cip-affine,128,0.1,iid,hoeffding,0.95,10000,False
cip-affine,128,0.1,iid,hoeffding,0.99,10000,False
cip-affine,128,0.1,iid,betting,0.9,131,True
cip-affine,128,0.1,iid,betting,0.95,10000,False
cip-affine,128,0.1,iid,betting,0.99,10000,False
cip-affine,128,0.1,adaptive,hoeffding,0.9,7686,True
cip-affine,128,0.1,adaptive,hoeffding,0.95,10000,False
cip-affine,128,0.1,adaptive,hoeffding,0.99,10000,False
cip-affine,128,0.1,adaptive,betting,0.9,386,True
cip-affine,128,0.1,adaptive,betting,0.95,10000,False
cip-affine,128,0.1,adaptive,betting,0.99,10000,False
cip-affine,128,0.2,iid,hoeffding,0.9,10000,False
cip-affine,128,0.2,iid,hoeffding,0.95,10000,False
cip-affine,128,0.2,iid,hoeffding,0.99,10000,False
cip-affine,128,0.2,iid,betting,0.9,10000,False
cip-affine,128,0.2,iid,betting,0.95,10000,False
cip-affine,128,0.2,iid,betting,0.99,10000,False
cip-affine,128,0.2,adaptive,hoeffding,0.9,10000,False
cip-affine,128,0.2,adaptive,hoeffding,0.95,10000,False
cip-affine,128,0.2,adaptive,hoeffding,0.99,10000,False
cip-affine,128,0.2,adaptive,betting,0.9,10000,False
cip-affine,128,0.2,adaptive,betting,0.95,10000,False
cip-affine,128,0.2,adaptive,betting,0.99,10000,False
cip-affine,128,0.5,iid,hoeffding,0.9,10000,False
cip-affine,128,0.5,iid,hoeffding,0.95,10000,False
cip-affine,128,0.5,iid,hoeffding,0.99,10000,False
cip-affine,128,0.5,iid,betting,0.9,10000,False
cip-affine,128,0.5,iid,betting,0.95,10000,False
cip-affine,128,0.5,iid,betting,0.99,10000,False
cip-affine,128,0.5,adaptive,hoeffding,0.9,10000,False
cip-affine,128,0.5,adaptive,hoeffding,0.95,10000,False
cip-affine,128,0.5,adaptive,hoeffding,0.99,10000,False
cip-affine,128,0.5,adaptive,betting,0.9,10000,False
cip-affine,128,0.5,adaptive,betting,0.95,10000,False
cip-affine,128,0.5,adaptive,betting,0.99,10000,False
cip-affine,64,0.1,iid,hoeffding,0.9,10000,False
cip-affine,64,0.1,iid,hoeffding,0.95,10000,False
cip-affine,64,0.1,iid,hoeffding,0.99,10000,False
cip-affine,64,0.1,iid,betting,0.9,1813,True
cip-affine,64,0.1,iid,betting,0.95,10000,False
cip-affine,64,0.1,iid,betting,0.99,10000,False
cip-affine,64,0.1,adaptive,hoeffding,0.9,10000,False
cip-affine,64,0.1,adaptive,hoeffding,0.95,10000,False
cip-affine,64,0.1,adaptive,hoeffding,0.99,10000,False
cip-affine,64,0.1,adaptive,betting,0.9,578,True
cip-affine,64,0.1,adaptive,betting,0.95,10000,False
cip-affine,64,0.1,adaptive,betting,0.99,10000,False
cip-affine,64,0.2,iid,hoeffding,0.9,10000,False
cip-affine,64,0.2,iid,hoeffding,0.95,10000,False
cip-affine,64,0.2,iid,hoeffding,0.99,10000,False
cip-affine,64,0.2,iid,betting,0.9,10000,False
cip-affine,64,0.2,iid,betting,0.95,10000,False
cip-affine,64,0.2,iid,betting,0.99,10000,False
cip-affine,64,0.2,adaptive,hoeffding,0.9,10000,False
cip-affine,64,0.2,adaptive,hoeffding,0.95,10000,False
cip-affine,64,0.2,adaptive,hoeffding,0.99,10000,False
cip-affine,64,0.2,adaptive,betting,0.9,10000,False
cip-affine,64,0.2,adaptive,betting,0.95,10000,False
cip-affine,64,0.2,adaptive,betting,0.99,10000,False
cip-affine,64,0.5,iid,hoeffding,0.9,10000,False
cip-affine,64,0.5,iid,hoeffding,0.95,10000,False
cip-affine,64,0.5,iid,hoeffding,0.99,10000,False
cip-affine,64,0.5,iid,betting,0.9,10000,False
cip-affine,64,0.5,iid,betting,0.95,10000,False
cip-affine,64,0.5,iid,betting,0.99,10000,False
cip-affine,64,0.5,adaptive,hoeffding,0.9,10000,False
cip-affine,64,0.5,adaptive,hoeffding,0.95,10000,False
cip-affine,64,0.5,adaptive,hoeffding,0.99,10000,False
cip-affine,64,0.5,adaptive,betting,0.9,10000,False
cip-affine,64,0.5,adaptive,betting,0.95,10000,False
cip-affine,64,0.5,adaptive,betting,0.99,10000,False
cip-affine,32,0.1,iid,hoeffding,0.9,10000,False
cip-affine,32,0.1,iid,hoeffding,0.95,10000,False
cip-affine,32,0.1,iid,hoeffding,0.99,10000,False
cip-affine,32,0.1,iid,betting,0.9,10000,False
cip-affine,32,0.1,iid,betting,0.95,10000,False
cip-affine,32,0.1,iid,betting,0.99,10000,False
cip-affine,32,0.1,adaptive,hoeffding,0.9,10000,False
cip-affine,32,0.1,adaptive,hoeffding,0.95,10000,False
cip-affine,32,0.1,adaptive,hoeffding,0.99,10000,False
cip-affine,32,0.1,adaptive,betting,0.9,10000,False
cip-affine,32,0.1,adaptive,betting,0.95,10000,False
cip-affine,32,0.1,adaptive,betting,0.99,10000,False
cip-affine,32,0.2,iid,hoeffding,0.9,10000,False
cip-affine,32,0.2,iid,hoeffding,0.95,10000,False
cip-affine,32,0.2,iid,hoeffding,0.99,10000,False
cip-affine,32,0.2,iid,betting,0.9,10000,False
cip-affine,32,0.2,iid,betting,0.95,10000,False
cip-affine,32,0.2,iid,betting,0.99,10000,False
cip-affine,32,0.2,adaptive,hoeffding,0.9,10000,False
cip-affine,32,0.2,adaptive,hoeffding,0.95,10000,False
cip-affine,32,0.2,adaptive,hoeffding,0.99,10000,False
cip-affine,32,0.2,adaptive,betting,0.9,10000,False
cip-affine,32,0.2,adaptive,betting,0.95,10000,False
cip-affine,32,0.2,adaptive,betting,0.99,10000,False
cip-affine,32,0.5,iid,hoeffding,0.9,10000,False
cip-affine,32,0.5,iid,hoeffding,0.95,10000,False
cip-affine,32,0.5,iid,hoeffding,0.99,10000,False
cip-affine,32,0.5,iid,betting,0.9,10000,False
cip-affine,32,0.5,iid,betting,0.95,10000,False
cip-affine,32,0.5,iid,betting,0.99,10000,False
cip-affine,32,0.5,adaptive,hoeffding,0.9,10000,False
cip-affine,32,0.5,adaptive,hoeffding,0.95,10000,False
cip-affine,32,0.5,adaptive,hoeffding,0.99,10000,False
cip-affine,32,0.5,adaptive,betting,0.9,10000,False
cip-affine,32,0.5,adaptive,betting,0.95,10000,False
cip-affine,32,0.5,adaptive,betting,0.99,10000,False
cip-const,512,0.1,iid,hoeffding,0.9,889,True
cip-const,512,0.1,iid,hoeffding,0.95,4172,True
cip-const,512,0.1,iid,hoeffding,0.99,10000,False
cip-const,512,0.1,iid,betting,0.9,64,True
cip-const,512,0.1,iid,betting,0.95,125,True
cip-const,512,0.1,iid,betting,0.99,613,True
cip-const,512,0.1,adaptive,hoeffding,0.9,1976,True
cip-const,512,0.1,adaptive,hoeffding,0.95,9156,True
cip-const,512,0.1,adaptive,hoeffding,0.99,10000,False
cip-const,512,0.1,adaptive,betting,0.9,90,True
cip-const,512,0.1,adaptive,betting,0.95,177,True
cip-const,512,0.1,adaptive,betting,0.99,875,True
cip-const,512,0.2,iid,hoeffding,0.9,889,True
cip-const,512,0.2,iid,hoeffding,0.95,4172,True
cip-const,512,0.2,iid,hoeffding,0.99,10000,False
cip-const,512,0.2,iid,betting,0.9,64,True
cip-const,512,0.2,iid,betting,0.95,125,True
cip-const,512,0.2,iid,betting,0.99,613,True
cip-const,512,0.2,adaptive,hoeffding,0.9,1976,True
cip-const,512,0.2,adaptive,hoeffding,0.95,9156,True
cip-const,512,0.2,adaptive,hoeffding,0.99,10000,False
cip-const,512,0.2,adaptive,betting,0.9,90,True
cip-const,512,0.2,adaptive,betting,0.95,177,True
cip-const,512,0.2,adaptive,betting,0.99,875,True
cip-const,512,0.5,iid,hoeffding,0.9,889,True
cip-const,512,0.5,iid,hoeffding,0.95,4172,True
cip-const,512,0.5,iid,hoeffding,0.99,10000,False
cip-const,512,0.5,iid,betting,0.9,64,True
cip-const,512,0.5,iid,betting,0.95,125,True
cip-const,512,0.5,iid,betting,0.99,613,True
cip-const,512,0.5,adaptive,hoeffding,0.9,1976,True
cip-const,512,0.5,adaptive,hoeffding,0.95,9156,True
cip-const,512,0.5,adaptive,hoeffding,0.99,10000,False
cip-const,512,0.5,adaptive,betting,0.9,90,True
cip-const,512,0.5,adaptive,betting,0.95,177,True
cip-const,512,0.5,adaptive,betting,0.99,875,True
cip-const,384,0.1,iid,hoeffding,0.9,10000,False
cip-const,384,0.1,iid,hoeffding,0.95,10000,False
cip-const,384,0.1,iid,hoeffding,0.99,10000,False
cip-const,384,0.1,iid,betting,0.9,10000,False
cip-const,384,0.1,iid,betting,0.95,10000,False
cip-const,384,0.1,iid,betting,0.99,10000,False
cip-const,384,0.1,adaptive,hoeffding,0.9,10000,False
cip-const,384,0.1,adaptive,hoeffding,0.95,10000,False
cip-const,384,0.1,adaptive,hoeffding,0.99,10000,False
cip-const,384,0.1,adaptive,betting,0.9,10000,False
cip-const,384,0.1,adaptive,betting,0.95,10000,False
cip-const,384,0.1,adaptive,betting,0.99,10000,False
cip-const,384,0.2,iid,hoeffding,0.9,10000,False
cip-const,384,0.2,iid,hoeffding,0.95,10000,False
cip-const,384,0.2,iid,hoeffding,0.99,10000,False
cip-const,384,0.2,iid,betting,0.9,10000,False
cip-const,384,0.2,iid,betting,0.95,10000,False
cip-const,384,0.2,iid,betting,0.99,10000,False
cip-const,384,0.2,adaptive,hoeffding,0.9,10000,False
cip-const,384,0.2,adaptive,hoeffding,0.95,10000,False
cip-const,384,0.2,adaptive,hoeffding,0.99,10000,False
cip-const,384,0.2,adaptive,betting,0.9,10000,False
cip-const,384,0.2,adaptive,betting,0.95,10000,False
cip-const,384,0.2,adaptive,betting,0.99,10000,False
cip-const,384,0.5,iid,hoeffding,0.9,10000,False
cip-const,384,0.5,iid,hoeffding,0.95,10000,False
cip-const,384,0.5,iid,hoeffding,0.99,10000,False
cip-const,384,0.5,iid,betting,0.9,10000,False
cip-const,384,0.5,iid,betting,0.95,10000,False
cip-const,384,0.5,iid,betting,0.99,10000,False
cip-const,384,0.5,adaptive,hoeffding,0.9,10000,False
cip-const,384,0.5,adaptive,hoeffding,0.95,10000,False
cip-const,384,0.5,adaptive,hoeffding,0.99,10000,False
cip-const,384,0.5,adaptive,betting,0.9,10000,False
cip-const,384,0.5,adaptive,betting,0.95,10000,False
cip-const,384,0.5,adaptive,betting,0.99,10000,False
cip-const,256,0.1,iid,hoeffding,0.9,10000,False
cip-const,256,0.1,iid,hoeffding,0.95,10000,False
cip-const,256,0.1,iid,hoeffding,0.99,10000,False
cip-const,256,0.1,iid,betting,0.9,10000,False
cip-const,256,0.1,iid,betting,0.95,10000,False
cip-const,256,0.1,iid,betting,0.99,10000,False
cip-const,256,0.1,adaptive,hoeffding,0.9,10000,False
cip-const,256,0.1,adaptive,hoeffding,0.95,10000,False
cip-const,256,0.1,adaptive,hoeffding,0.99,10000,False
cip-const,256,0.1,adaptive,betting,0.9,10000,False
cip-const,256,0.1,adaptive,betting,0.95,10000,False
cip-const,256,0.1,adaptive,betting,0.99,10000,False
cip-const,256,0.2,iid,hoeffding,0.9,10000,False
cip-const,256,0.2,iid,hoeffding,0.95,10000,False
cip-const,256,0.2,iid,hoeffding,0.99,10000,False
cip-const,256,0.2,iid,betting,0.9,10000,False
cip-const,256,0.2,iid,betting,0.95,10000,False
cip-const,256,0.2,iid,betting,0.99,10000,False
cip-const,256,0.2,adaptive,hoeffding,0.9,10000,False
cip-const,256,0.2,adaptive,hoeffding,0.95,10000,False
cip-const,256,0.2,adaptive,hoeffding,0.99,10000,False
cip-const,256,0.2,adaptive,betting,0.9,10000,False
cip-const,256,0.2,adaptive,betting,0.95,10000,False
cip-const,256,0.2,adaptive,betting,0.99,10000,False
cip-const,256,0.5,iid,hoeffding,0.9,10000,False
cip-const,256,0.5,iid,hoeffding,0.95,10000,False
cip-const,256,0.5,iid,hoeffding,0.99,10000,False
cip-const,256,0.5,iid,betting,0.9,10000,False
cip-const,256,0.5,iid,betting,0.95,10000,False
cip-const,256,0.5,iid,betting,0.99,10000,False
cip-const,256,0.5,adaptive,hoeffding,0.9,10000,False
cip-const,256,0.5,adaptive,hoeffding,0.95,10000,False
cip-const,256,0.5,adaptive,hoeffding,0.99,10000,False
cip-const,256,0.5,adaptive,betting,0.9,10000,False
cip-const,256,0.5,adaptive,betting,0.95,10000,False
cip-const,256,0.5,adaptive,betting,0.99,10000,False
cip-const,128,0.1,iid,hoeffding,0.9,10000,False
cip-const,128,0.1,iid,hoeffding,0.95,10000,False
cip-const,128,0.1,iid,hoeffding,0.99,10000,False
cip-const,128,0.1,iid,betting,0.9,10000,False
cip-const,128,0.1,iid,betting,0.95,10000,False
cip-const,128,0.1,iid,betting,0.99,10000,False
cip-const,128,0.1,adaptive,hoeffding,0.9,10000,False
cip-const,128,0.1,adaptive,hoeffding,0.95,10000,False
cip-const,128,0.1,adaptive,hoeffding,0.99,10000,False
cip-const,128,0.1,adaptive,betting,0.9,10000,False
cip-const,128,0.1,adaptive,betting,0.95,10000,False
cip-const,128,0.1,adaptive,betting,0.99,10000,False
cip-const,128,0.2,iid,hoeffding,0.9,10000,False
cip-const,128,0.2,iid,hoeffding,0.95,10000,False
cip-const,128,0.2,iid,hoeffding,0.99,10000,False
cip-const,128,0.2,iid,betting,0.9,10000,False
cip-const,128,0.2,iid,betting,0.95,10000,False
cip-const,128,0.2,iid,betting,0.99,10000,False
cip-const,128,0.2,adaptive,hoeffding,0.9,10000,False
cip-const,128,0.2,adaptive,hoeffding,0.95,10000,False
cip-const,128,0.2,adaptive,hoeffding,0.99,10000,False
cip-const,128,0.2,adaptive,betting,0.9,10000,False
cip-const,128,0.2,adaptive,betting,0.95,10000,False
cip-const,128,0.2,adaptive,betting,0.99,10000,False
cip-const,128,0.5,iid,hoeffding,0.9,10000,False
cip-const,128,0.5,iid,hoeffding,0.95,10000,False
cip-const,128,0.5,iid,hoeffding,0.99,10000,False
cip-const,128,0.5,iid,betting,0.9,10000,False
cip-const,128,0.5,iid,betting,0.95,10000,False
cip-const,128,0.5,iid,betting,0.99,10000,False
cip-const,128,0.5,adaptive,hoeffding,0.9,10000,False
cip-const,128,0.5,adaptive,hoeffding,0.95,10000,False
cip-const,128,0.5,adaptive,hoeffding,0.99,10000,False
cip-const,128,0.5,adaptive,betting,0.9,10000,False
cip-const,128,0.5,adaptive,betting,0.95,10000,False
cip-const,128,0.5,adaptive,betting,0.99,10000,False
cip-const,64,0.1,iid,hoeffding,0.9,10000,False
cip-const,64,0.1,iid,hoeffding,0.95,10000,False
cip-const,64,0.1,iid,hoeffding,0.99,10000,False
cip-const,64,0.1,iid,betting,0.9,10000,False
cip-const,64,0.1,iid,betting,0.95,10000,False
cip-const,64,0.1,iid,betting,0.99,10000,False
cip-const,64,0.1,adaptive,hoeffding,0.9,10000,False
cip-const,64,0.1,adaptive,hoeffding,0.95,10000,False
cip-const,64,0.1,adaptive,hoeffding,0.99,10000,False
cip-const,64,0.1,adaptive,betting,0.9,10000,False
cip-const,64,0.1,adaptive,betting,0.95,10000,False
cip-const,64,0.1,adaptive,betting,0.99,10000,False
cip-const,64,0.2,iid,hoeffding,0.9,10000,False
cip-const,64,0.2,iid,hoeffding,0.95,10000,False
cip-const,64,0.2,iid,hoeffding,0.99,10000,False
cip-const,64,0.2,iid,betting,0.9,10000,False
cip-const,64,0.2,iid,betting,0.95,10000,False
cip-const,64,0.2,iid,betting,0.99,10000,False
cip-const,64,0.2,adaptive,hoeffding,0.9,10000,False
cip-const,64,0.2,adaptive,hoeffding,0.95,10000,False
cip-const,64,0.2,adaptive,hoeffding,0.99,10000,False
cip-const,64,0.2,adaptive,betting,0.9,10000,False
cip-const,64,0.2,adaptive,betting,0.95,10000,False
cip-const,64,0.2,adaptive,betting,0.99,10000,False
cip-const,64,0.5,iid,hoeffding,0.9,10000,False
cip-const,64,0.5,iid,hoeffding,0.95,10000,False
cip-const,64,0.5,iid,hoeffding,0.99,10000,False
cip-const,64,0.5,iid,betting,0.9,10000,False
cip-const,64,0.5,iid,betting,0.95,10000,False
cip-const,64,0.5,iid,betting,0.99,10000,False
cip-const,64,0.5,adaptive,hoeffding,0.9,10000,False
cip-const,64,0.5,adaptive,hoeffding,0.95,10000,False
cip-const,64,0.5,adaptive,hoeffding,0.99,10000,False
cip-const,64,0.5,adaptive,betting,0.9,10000,False
cip-const,64,0.5,adaptive,betting,0.95,10000,False
cip-const,64,0.5,adaptive,betting,0.99,10000,False
cip-const,32,0.1,iid,hoeffding,0.9,10000,False
cip-const,32,0.1,iid,hoeffding,0.95,10000,False
cip-const,32,0.1,iid,hoeffding,0.99,10000,False
cip-const,32,0.1,iid,betting,0.9,10000,False
cip-const,32,0.1,iid,betting,0.95,10000,False
cip-const,32,0.1,iid,betting,0.99,10000,False
cip-const,32,0.1,adaptive,hoeffding,0.9,10000,False
cip-const,32,0.1,adaptive,hoeffding,0.95,10000,False
cip-const,32,0.1,adaptive,hoeffding,0.99,10000,False
cip-const,32,0.1,adaptive,betting,0.9,10000,False
cip-const,32,0.1,adaptive,betting,0.95,10000,False
cip-const,32,0.1,adaptive,betting,0.99,10000,False
cip-const,32,0.2,iid,hoeffding,0.9,10000,False
cip-const,32,0.2,iid,hoeffding,0.95,10000,False
cip-const,32,0.2,iid,hoeffding,0.99,10000,False
cip-const,32,0.2,iid,betting,0.9,10000,False
cip-const,32,0.2,iid,betting,0.95,10000,False
cip-const,32,0.2,iid,betting,0.99,10000,False
cip-const,32,0.2,adaptive,hoeffding,0.9,10000,False
cip-const,32,0.2,adaptive,hoeffding,0.95,10000,False
cip-const,32,0.2,adaptive,hoeffding,0.99,10000,False
cip-const,32,0.2,adaptive,betting,0.9,10000,False
cip-const,32,0.2,adaptive,betting,0.95,10000,False
cip-const,32,0.2,adaptive,betting,0.99,10000,False
cip-const,32,0.5,iid,hoeffding,0.9,10000,False
cip-const,32,0.5,iid,hoeffding,0.95,10000,False
cip-const,32,0.5,iid,hoeffding,0.99,10000,False
cip-const,32,0.5,iid,betting,0.9,10000,False
cip-const,32,0.5,iid,betting,0.95,10000,False
cip-const,32,0.5,iid,betting,0.99,10000,False
cip-const,32,0.5,adaptive,hoeffding,0.9,10000,False
cip-const,32,0.5,adaptive,hoeffding,0.95,10000,False
cip-const,32,0.5,adaptive,hoeffding,0.99,10000,False
cip-const,32,0.5,adaptive,betting,0.9,10000,False
cip-const,32,0.5,adaptive,betting,0.95,10000,False
cip-const,32,0.5,adaptive,betting,0.99,10000,False
vbp,512,0.1,iid,hoeffding,0.9,889,True
vbp,512,0.1,iid,hoeffding,0.95,4172,True
vbp,512,0.1,iid,hoeffding,0.99,10000,False
vbp,512,0.1,iid,betting,0.9,64,True
vbp,512,0.1,iid,betting,0.95,125,True
vbp,512,0.1,iid,betting,0.99,613,True
vbp,512,0.1,adaptive,hoeffding,0.9,1976,True
vbp,512,0.1,adaptive,hoeffding,0.95,9156,True
vbp,512,0.1,adaptive,hoeffding,0.99,10000,False
vbp,512,0.1,adaptive,betting,0.9,90,True
vbp,512,0.1,adaptive,betting,0.95,177,True
vbp,512,0.1,adaptive,betting,0.99,875,True
vbp,512,0.2,iid,hoeffding,0.9,889,True
vbp,512,0.2,iid,hoeffding,0.95,4172,True
vbp,512,0.2,iid,hoeffding,0.99,10000,False
vbp,512,0.2,iid,betting,0.9,64,True
vbp,512,0.2,iid,betting,0.95,125,True
vbp,512,0.2,iid,betting,0.99,613,True
vbp,512,0.2,adaptive,hoeffding,0.9,1976,True
vbp,512,0.2,adaptive,hoeffding,0.95,9156,True
vbp,512,0.2,adaptive,hoeffding,0.99,10000,False
vbp,512,0.2,adaptive,betting,0.9,90,True
vbp,512,0.2,adaptive,betting,0.95,177,True
vbp,512,0.2,adaptive,betting,0.99,875,True
vbp,512,0.5,iid,hoeffding,0.9,889,True
vbp,512,0.5,iid,hoeffding,0.95,4172,True
vbp,512,0.5,iid,hoeffding,0.99,10000,False
vbp,512,0.5,iid,betting,0.9,64,True
vbp,512,0.5,iid,betting,0.95,125,True
vbp,512,0.5,iid,betting,0.99,613,True
vbp,512,0.5,adaptive,hoeffding,0.9,1976,True
vbp,512,0.5,adaptive,hoeffding,0.95,9156,True
vbp,512,0.5,adaptive,hoeffding,0.99,10000,False
vbp,512,0.5,adaptive,betting,0.9,90,True
vbp,512,0.5,adaptive,betting,0.95,177,True
vbp,512,0.5,adaptive,betting,0.99,875,True
vbp,384,0.1,iid,hoeffding,0.9,933,True
vbp,384,0.1,iid,hoeffding,0.95,4973,True
vbp,384,0.1,iid,hoeffding,0.99,10000,False
vbp,384,0.1,iid,betting,0.9,64,True
vbp,384,0.1,iid,betting,0.95,125,True
vbp,384,0.1,iid,betting,0.99,1617,True
vbp,384,0.1,adaptive,hoeffding,0.9,2161,True
vbp,384,0.1,adaptive,hoeffding,0.95,10000,False
vbp,384,0.1,adaptive,hoeffding,0.99,10000,False
vbp,384,0.1,adaptive,betting,0.9,90,True
vbp,384,0.1,adaptive,betting,0.95,177,True
vbp,384,0.1,adaptive,betting,0.99,2276,True
vbp,384,0.2,iid,hoeffding,0.9,998,True
vbp,384,0.2,iid,hoeffding,0.95,5679,True
vbp,384,0.2,iid,hoeffding,0.99,10000,False
vbp,384,0.2,iid,betting,0.9,64,True
vbp,384,0.2,iid,betting,0.95,125,True
vbp,384,0.2,iid,betting,0.99,10000,False
vbp,384,0.2,adaptive,hoeffding,0.9,2451,True
vbp,384,0.2,adaptive,hoeffding,0.95,10000,False
vbp,384,0.2,adaptive,hoeffding,0.99,10000,False
vbp,384,0.2,adaptive,betting,0.9,91,True
vbp,384,0.2,adaptive,betting,0.95,188,True
vbp,384,0.2,adaptive,betting,0.99,10000,False
vbp,384,0.5,iid,hoeffding,0.9,10000,False
vbp,384,0.5,iid,hoeffding,0.95,10000,False
vbp,384,0.5,iid,hoeffding,0.99,10000,False
vbp,384,0.5,iid,betting,0.9,10000,False
vbp,384,0.5,iid,betting,0.95,10000,False
vbp,384,0.5,iid,betting,0.99,10000,False
vbp,384,0.5,adaptive,hoeffding,0.9,10000,False
vbp,384,0.5,adaptive,hoeffding,0.95,10000,False
vbp,384,0.5,adaptive,hoeffding,0.99,10000,False
vbp,384,0.5,adaptive,betting,0.9,10000,False
vbp,384,0.5,adaptive,betting,0.95,10000,False
vbp,384,0.5,adaptive,betting,0.99,10000,False
vbp,256,0.1,iid,hoeffding,0.9,1141,True
vbp,256,0.1,iid,hoeffding,0.95,6888,True
vbp,256,0.1,iid,hoeffding,0.99,10000,False
vbp,256,0.1,iid,betting,0.9,64,True
vbp,256,0.1,iid,betting,0.95,252,True
vbp,256,0.1,iid,betting,0.99,10000,False
vbp,256,0.1,adaptive,hoeffding,0.9,2942,True
vbp,256,0.1,adaptive,hoeffding,0.95,10000,False
vbp,256,0.1,adaptive,hoeffding,0.99,10000,False
vbp,256,0.1,adaptive,betting,0.9,131,True
vbp,256,0.1,adaptive,betting,0.95,473,True
vbp,256,0.1,adaptive,betting,0.99,10000,False
vbp,256,0.2,iid,hoeffding,0.9,1756,True
vbp,256,0.2,iid,hoeffding,0.95,10000,False
vbp,256,0.2,iid,hoeffding,0.99,10000,False
vbp,256,0.2,iid,betting,0.9,172,True
vbp,256,0.2,iid,betting,0.95,1025,True
vbp,256,0.2,iid,betting,0.99,10000,False
vbp,256,0.2,adaptive,hoeffding,0.9,4374,True
vbp,256,0.2,adaptive,hoeffding,0.95,10000,False
vbp,256,0.2,adaptive,hoeffding,0.99,10000,False
vbp,256,0.2,adaptive,betting,0.9,310,True
vbp,256,0.2,adaptive,betting,0.95,2008,True
vbp,256,0.2,adaptive,betting,0.99,10000,False
vbp,256,0.5,iid,hoeffding,0.9,10000,False
vbp,256,0.5,iid,hoeffding,0.95,10000,False
vbp,256,0.5,iid,hoeffding,0.99,10000,False
vbp,256,0.5,iid,betting,0.9,10000,False
vbp,256,0.5,iid,betting,0.95,10000,False
vbp,256,0.5,iid,betting,0.99,10000,False
vbp,256,0.5,adaptive,hoeffding,0.9,10000,False
vbp,256,0.5,adaptive,hoeffding,0.95,10000,False
vbp,256,0.5,adaptive,hoeffding,0.99,10000,False
vbp,256,0.5,adaptive,betting,0.9,10000,False
vbp,256,0.5,adaptive,betting,0.95,10000,False
vbp,256,0.5,adaptive,betting,0.99,10000,False
vbp,128,0.1,iid,hoeffding,0.9,10000,False
vbp,128,0.1,iid,hoeffding,0.95,10000,False
vbp,128,0.1,iid,hoeffding,0.99,10000,False
vbp,128,0.1,iid,betting,0.9,4725,True
vbp,128,0.1,iid,betting,0.95,10000,False
vbp,128,0.1,iid,betting,0.99,10000,False
vbp,128,0.1,adaptive,hoeffding,0.9,10000,False
vbp,128,0.1,adaptive,hoeffding,0.95,10000,False
vbp,128,0.1,adaptive,hoeffding,0.99,10000,False
vbp,128,0.1,adaptive,betting,0.9,4463,True
vbp,128,0.1,adaptive,betting,0.95,10000,False
vbp,128,0.1,adaptive,betting,0.99,10000,False
vbp,128,0.2,iid,hoeffding,0.9,10000,False
vbp,128,0.2,iid,hoeffding,0.95,10000,False
vbp,128,0.2,iid,hoeffding,0.99,10000,False
vbp,128,0.2,iid,betting,0.9,10000,False
vbp,128,0.2,iid,betting,0.95,10000,False
vbp,128,0.2,iid,betting,0.99,10000,False
vbp,128,0.2,adaptive,hoeffding,0.9,10000,False
vbp,128,0.2,adaptive,hoeffding,0.95,10000,False
vbp,128,0.2,adaptive,hoeffding,0.99,10000,False
vbp,128,0.2,adaptive,betting,0.9,10000,False
vbp,128,0.2,adaptive,betting,0.95,10000,False
vbp,128,0.2,adaptive,betting,0.99,10000,False
vbp,128,0.5,iid,hoeffding,0.9,10000,False
vbp,128,0.5,iid,hoeffding,0.95,10000,False
vbp,128,0.5,iid,hoeffding,0.99,10000,False
vbp,128,0.5,iid,betting,0.9,10000,False
vbp,128,0.5,iid,betting,0.95,10000,False
vbp,128,0.5,iid,betting,0.99,10000,False
vbp,128,0.5,adaptive,hoeffding,0.9,10000,False
vbp,128,0.5,adaptive,hoeffding,0.95,10000,False
vbp,128,0.5,adaptive,hoeffding,0.99,10000,False
vbp,128,0.5,adaptive,betting,0.9,10000,False
vbp,128,0.5,adaptive,betting,0.95,10000,False
vbp,128,0.5,adaptive,betting,0.99,10000,False
vbp,64,0.1,iid,hoeffding,0.9,10000,False
vbp,64,0.1,iid,hoeffding,0.95,10000,False
vbp,64,0.1,iid,hoeffding,0.99,10000,False
vbp,64,0.1,iid,betting,0.9,10000,False
vbp,64,0.1,iid,betting,0.95,10000,False
vbp,64,0.1,iid,betting,0.99,10000,False
vbp,64,0.1,adaptive,hoeffding,0.9,10000,False
vbp,64,0.1,adaptive,hoeffding,0.95,10000,False
vbp,64,0.1,adaptive,hoeffding,0.99,10000,False
vbp,64,0.1,adaptive,betting,0.9,10000,False
vbp,64,0.1,adaptive,betting,0.95,10000,False
vbp,64,0.1,adaptive,betting,0.99,10000,False
vbp,64,0.2,iid,hoeffding,0.9,10000,False
vbp,64,0.2,iid,hoeffding,0.95,10000,False
vbp,64,0.2,iid,hoeffding,0.99,10000,False
vbp,64,0.2,iid,betting,0.9,10000,False
vbp,64,0.2,iid,betting,0.95,10000,False
vbp,64,0.2,iid,betting,0.99,10000,False
vbp,64,0.2,adaptive,hoeffding,0.9,10000,False
vbp,64,0.2,adaptive,hoeffding,0.95,10000,False
vbp,64,0.2,adaptive,hoeffding,0.99,10000,False
vbp,64,0.2,adaptive,betting,0.9,10000,False
vbp,64,0.2,adaptive,betting,0.95,10000,False
vbp,64,0.2,adaptive,betting,0.99,10000,False
vbp,64,0.5,iid,hoeffding,0.9,10000,False
vbp,64,0.5,iid,hoeffding,0.95,10000,False
vbp,64,0.5,iid,hoeffding,0.99,10000,False
vbp,64,0.5,iid,betting,0.9,10000,False
vbp,64,0.5,iid,betting,0.95,10000,False
vbp,64,0.5,iid,betting,0.99,10000,False
vbp,64,0.5,adaptive,hoeffding,0.9,10000,False
vbp,64,0.5,adaptive,hoeffding,0.95,10000,False
vbp,64,0.5,adaptive,hoeffding,0.99,10000,False
vbp,64,0.5,adaptive,betting,0.9,10000,False
vbp,64,0.5,adaptive,betting,0.95,10000,False
vbp,64,0.5,adaptive,betting,0.99,10000,False
vbp,32,0.1,iid,hoeffding,0.9,10000,False
vbp,32,0.1,iid,hoeffding,0.95,10000,False
vbp,32,0.1,iid,hoeffding,0.99,10000,False
vbp,32,0.1,iid,betting,0.9,10000,False
vbp,32,0.1,iid,betting,0.95,10000,False
vbp,32,0.1,iid,betting,0.99,10000,False
vbp,32,0.1,adaptive,hoeffding,0.9,10000,False
vbp,32,0.1,adaptive,hoeffding,0.95,10000,False
vbp,32,0.1,adaptive,hoeffding,0.99,10000,False
vbp,32,0.1,adaptive,betting,0.9,10000,False
vbp,32,0.1,adaptive,betting,0.95,10000,False
vbp,32,0.1,adaptive,betting,0.99,10000,False
vbp,32,0.2,iid,hoeffding,0.9,10000,False
vbp,32,0.2,iid,hoeffding,0.95,10000,False
vbp,32,0.2,iid,hoeffding,0.99,10000,False
vbp,32,0.2,iid,betting,0.9,10000,False
vbp,32,0.2,iid,betting,0.95,10000,False
vbp,32,0.2,iid,betting,0.99,10000,False
vbp,32,0.2,adaptive,hoeffding,0.9,10000,False
vbp,32,0.2,adaptive,hoeffding,0.95,10000,False
vbp,32,0.2,adaptive,hoeffding,0.99,10000,False
vbp,32,0.2,adaptive,betting,0.9,10000,False
vbp,32,0.2,adaptive,betting,0.95,10000,False
vbp,32,0.2,adaptive,betting,0.99,10000,False
vbp,32,0.5,iid,hoeffding,0.9,10000,False
vbp,32,0.5,iid,hoeffding,0.95,10000,False
vbp,32,0.5,iid,hoeffding,0.99,10000,False
vbp,32,0.5,iid,betting,0.9,10000,False
vbp,32,0.5,iid,betting,0.95,10000,False
vbp,32,0.5,iid,betting,0.99,10000,False
vbp,32,0.5,adaptive,hoeffding,0.9,10000,False
vbp,32,0.5,adaptive,hoeffding,0.95,10000,False
vbp,32,0.5,adaptive,hoeffding,0.99,10000,False
vbp,32,0.5,adaptive,betting,0.9,10000,False
vbp,32,0.5,adaptive,betting,0.95,10000,False
vbp,32,0.5,adaptive,betting,0.99,10000,False
random,512,0.1,iid,hoeffding,0.9,889,True
random,512,0.1,iid,hoeffding,0.95,4172,True
random,512,0.1,iid,hoeffding,0.99,10000,False
random,512,0.1,iid,betting,0.9,64,True
random,512,0.1,iid,betting,0.95,125,True
random,512,0.1,iid,betting,0.99,613,True
random,512,0.1,adaptive,hoeffding,0.9,1976,True
random,512,0.1,adaptive,hoeffding,0.95,9156,True
random,512,0.1,adaptive,hoeffding,0.99,10000,False
random,512,0.1,adaptive,betting,0.9,90,True
random,512,0.1,adaptive,betting,0.95,177,True
random,512,0.1,adaptive,betting,0.99,875,True
random,512,0.2,iid,hoeffding,0.9,889,True
random,512,0.2,iid,hoeffding,0.95,4172,True
random,512,0.2,iid,hoeffding,0.99,10000,False
random,512,0.2,iid,betting,0.9,64,True
random,512,0.2,iid,betting,0.95,125,True
random,512,0.2,iid,betting,0.99,613,True
random,512,0.2,adaptive,hoeffding,0.9,1976,True
random,512,0.2,adaptive,hoeffding,0.95,9156,True
random,512,0.2,adaptive,hoeffding,0.99,10000,False
random,512,0.2,adaptive,betting,0.9,90,True
random,512,0.2,adaptive,betting,0.95,177,True
random,512,0.2,adaptive,betting,0.99,875,True
random,512,0.5,iid,hoeffding,0.9,889,True
random,512,0.5,iid,hoeffding,0.95,4172,True
random,512,0.5,iid,hoeffding,0.99,10000,False
random,512,0.5,iid,betting,0.9,64,True
random,512,0.5,iid,betting,0.95,125,True
random,512,0.5,iid,betting,0.99,613,True
random,512,0.5,adaptive,hoeffding,0.9,1976,True
random,512,0.5,adaptive,hoeffding,0.95,9156,True
random,512,0.5,adaptive,hoeffding,0.99,10000,False
random,512,0.5,adaptive,betting,0.9,90,True
random,512,0.5,adaptive,betting,0.95,177,True
random,512,0.5,adaptive,betting,0.99,875,True
random,384,0.1,iid,hoeffding,0.9,1081,True
random,384,0.1,iid,hoeffding,0.95,7239,True
random,384,0.1,iid,hoeffding,0.99,10000,False
random,384,0.1,iid,betting,0.9,64,True
random,384,0.1,iid,betting,0.95,228,True
random,384,0.1,iid,betting,0.99,10000,False
random,384,0.1,adaptive,hoeffding,0.9,2851,True
random,384,0.1,adaptive,hoeffding,0.95,10000,False
random,384,0.1,adaptive,hoeffding,0.99,10000,False
random,384,0.1,adaptive,betting,0.9,90,True
random,384,0.1,adaptive,betting,0.95,355,True
random,384,0.1,adaptive,betting,0.99,10000,False
random,384,0.2,iid,hoeffding,0.9,1407,True
random,384,0.2,iid,hoeffding,0.95,10000,False
random,384,0.2,iid,hoeffding,0.99,10000,False
random,384,0.2,iid,betting,0.9,200,True
random,384,0.2,iid,betting,0.95,377,True
random,384,0.2,iid,betting,0.99,10000,False
random,384,0.2,adaptive,hoeffding,0.9,4668,True
random,384,0.2,adaptive,hoeffding,0.95,10000,False
random,384,0.2,adaptive,hoeffding,0.99,10000,False
random,384,0.2,adaptive,betting,0.9,238,True
random,384,0.2,adaptive,betting,0.95,2685,True
random,384,0.2,adaptive,betting,0.99,10000,False
random,384,0.5,iid,hoeffding,0.9,10000,False
random,384,0.5,iid,hoeffding,0.95,10000,False
random,384,0.5,iid,hoeffding,0.99,10000,False
random,384,0.5,iid,betting,0.9,10000,False
random,384,0.5,iid,betting,0.95,10000,False
random,384,0.5,iid,betting,0.99,10000,False
random,384,0.5,adaptive,hoeffding,0.9,10000,False
random,384,0.5,adaptive,hoeffding,0.95,10000,False
random,384,0.5,adaptive,hoeffding,0.99,10000,False
random,384,0.5,adaptive,betting,0.9,10000,False
random,384,0.5,adaptive,betting,0.95,10000,False
random,384,0.5,adaptive,betting,0.99,10000,False
random,256,0.1,iid,hoeffding,0.9,3549,True
random,256,0.1,iid,hoeffding,0.95,10000,False
random,256,0.1,iid,hoeffding,0.99,10000,False
random,256,0.1,iid,betting,0.9,249,True
random,256,0.1,iid,betting,0.95,10000,False
random,256,0.1,iid,betting,0.99,10000,False
random,256,0.1,adaptive,hoeffding,0.9,9285,True
random,256,0.1,adaptive,hoeffding,0.95,10000,False
random,256,0.1,adaptive,hoeffding,0.99,10000,False
random,256,0.1,adaptive,betting,0.9,443,True
random,256,0.1,adaptive,betting,0.95,10000,False
random,256,0.1,adaptive,betting,0.99,10000,False
random,256,0.2,iid,hoeffding,0.9,10000,False
random,256,0.2,iid,hoeffding,0.95,10000,False
random,256,0.2,iid,hoeffding,0.99,10000,False
random,256,0.2,iid,betting,0.9,10000,False
random,256,0.2,iid,betting,0.95,10000,False
random,256,0.2,iid,betting,0.99,10000,False
random,256,0.2,adaptive,hoeffding,0.9,10000,False
random,256,0.2,adaptive,hoeffding,0.95,10000,False
random,256,0.2,adaptive,hoeffding,0.99,10000,False
random,256,0.2,adaptive,betting,0.9,10000,False
random,256,0.2,adaptive,betting,0.95,10000,False
random,256,0.2,adaptive,betting,0.99,10000,False
random,256,0.5,iid,hoeffding,0.9,10000,False
random,256,0.5,iid,hoeffding,0.95,10000,False
random,256,0.5,iid,hoeffding,0.99,10000,False
random,256,0.5,iid,betting,0.9,10000,False
random,256,0.5,iid,betting,0.95,10000,False
random,256,0.5,iid,betting,0.99,10000,False
random,256,0.5,adaptive,hoeffding,0.9,10000,False
random,256,0.5,adaptive,hoeffding,0.95,10000,False
random,256,0.5,adaptive,hoeffding,0.99,10000,False
random,256,0.5,adaptive,betting,0.9,10000,False
random,256,0.5,adaptive,betting,0.95,10000,False
random,256,0.5,adaptive,betting,0.99,10000,False
random,128,0.1,iid,hoeffding,0.9,10000,False
random,128,0.1,iid,hoeffding,0.95,10000,False
random,128,0.1,iid,hoeffding,0.99,10000,False
random,128,0.1,iid,betting,0.9,10000,False
random,128,0.1,iid,betting,0.95,10000,False
random,128,0.1,iid,betting,0.99,10000,False
random,128,0.1,adaptive,hoeffding,0.9,10000,False
random,128,0.1,adaptive,hoeffding,0.95,10000,False
random,128,0.1,adaptive,hoeffding,0.99,10000,False
random,128,0.1,adaptive,betting,0.9,10000,False
random,128,0.1,adaptive,betting,0.95,10000,False
random,128,0.1,adaptive,betting,0.99,10000,False
random,128,0.2,iid,hoeffding,0.9,10000,False
random,128,0.2,iid,hoeffding,0.95,10000,False
random,128,0.2,iid,hoeffding,0.99,10000,False
random,128,0.2,iid,betting,0.9,10000,False
random,128,0.2,iid,betting,0.95,10000,False
random,128,0.2,iid,betting,0.99,10000,False
random,128,0.2,adaptive,hoeffding,0.9,10000,False
random,128,0.2,adaptive,hoeffding,0.95,10000,False
random,128,0.2,adaptive,hoeffding,0.99,10000,False
random,128,0.2,adaptive,betting,0.9,10000,False
random,128,0.2,adaptive,betting,0.95,10000,False
random,128,0.2,adaptive,betting,0.99,10000,False
random,128,0.5,iid,hoeffding,0.9,10000,False
random,128,0.5,iid,hoeffding,0.95,10000,False
random,128,0.5,iid,hoeffding,0.99,10000,False
random,128,0.5,iid,betting,0.9,10000,False
random,128,0.5,iid,betting,0.95,10000,False
random,128,0.5,iid,betting,0.99,10000,False
random,128,0.5,adaptive,hoeffding,0.9,10000,False
random,128,0.5,adaptive,hoeffding,0.95,10000,False
random,128,0.5,adaptive,hoeffding,0.99,10000,False
random,128,0.5,adaptive,betting,0.9,10000,False
random,128,0.5,adaptive,betting,0.95,10000,False
random,128,0.5,adaptive,betting,0.99,10000,False
random,64,0.1,iid,hoeffding,0.9,10000,False
random,64,0.1,iid,hoeffding,0.95,10000,False
random,64,0.1,iid,hoeffding,0.99,10000,False
random,64,0.1,iid,betting,0.9,10000,False
random,64,0.1,iid,betting,0.95,10000,False
random,64,0.1,iid,betting,0.99,10000,False
random,64,0.1,adaptive,hoeffding,0.9,10000,False
random,64,0.1,adaptive,hoeffding,0.95,10000,False
random,64,0.1,adaptive,hoeffding,0.99,10000,False
random,64,0.1,adaptive,betting,0.9,10000,False
random,64,0.1,adaptive,betting,0.95,10000,False
random,64,0.1,adaptive,betting,0.99,10000,False
random,64,0.2,iid,hoeffding,0.9,10000,False
random,64,0.2,iid,hoeffding,0.95,10000,False
random,64,0.2,iid,hoeffding,0.99,10000,False
random,64,0.2,iid,betting,0.9,10000,False
random,64,0.2,iid,betting,0.95,10000,False
random,64,0.2,iid,betting,0.99,10000,False
random,64,0.2,adaptive,hoeffding,0.9,10000,False
random,64,0.2,adaptive,hoeffding,0.95,10000,False
random,64,0.2,adaptive,hoeffding,0.99,10000,False
random,64,0.2,adaptive,betting,0.9,10000,False
random,64,0.2,adaptive,betting,0.95,10000,False
random,64,0.2,adaptive,betting,0.99,10000,False
random,64,0.5,iid,hoeffding,0.9,10000,False
random,64,0.5,iid,hoeffding,0.95,10000,False
random,64,0.5,iid,hoeffding,0.99,10000,False
random,64,0.5,iid,betting,0.9,10000,False
random,64,0.5,iid,betting,0.95,10000,False
random,64,0.5,iid,betting,0.99,10000,False
random,64,0.5,adaptive,hoeffding,0.9,10000,False
random,64,0.5,adaptive,hoeffding,0.95,10000,False
random,64,0.5,adaptive,hoeffding,0.99,10000,False
random,64,0.5,adaptive,betting,0.9,10000,False
random,64,0.5,adaptive,betting,0.95,10000,False
random,64,0.5,adaptive,betting,0.99,10000,False
random,32,0.1,iid,hoeffding,0.9,10000,False
random,32,0.1,iid,hoeffding,0.95,10000,False
random,32,0.1,iid,hoeffding,0.99,10000,False
random,32,0.1,iid,betting,0.9,10000,False
random,32,0.1,iid,betting,0.95,10000,False
random,32,0.1,iid,betting,0.99,10000,False
random,32,0.1,adaptive,hoeffding,0.9,10000,False
random,32,0.1,adaptive,hoeffding,0.95,10000,False
random,32,0.1,adaptive,hoeffding,0.99,10000,False
random,32,0.1,adaptive,betting,0.9,10000,False
random,32,0.1,adaptive,betting,0.95,10000,False
random,32,0.1,adaptive,betting,0.99,10000,False
random,32,0.2,iid,hoeffding,0.9,10000,False
random,32,0.2,iid,hoeffding,0.95,10000,False
random,32,0.2,iid,hoeffding,0.99,10000,False
random,32,0.2,iid,betting,0.9,10000,False
random,32,0.2,iid,betting,0.95,10000,False
random,32,0.2,iid,betting,0.99,10000,False
random,32,0.2,adaptive,hoeffding,0.9,10000,False
random,32,0.2,adaptive,hoeffding,0.95,10000,False
random,32,0.2,adaptive,hoeffding,0.99,10000,False
random,32,0.2,adaptive,betting,0.9,10000,False
random,32,0.2,adaptive,betting,0.95,10000,False
random,32,0.2,adaptive,betting,0.99,10000,False
random,32,0.5,iid,hoeffding,0.9,10000,False
random,32,0.5,iid,hoeffding,0.95,10000,False
random,32,0.5,iid,hoeffding,0.99,10000,False
random,32,0.5,iid,betting,0.9,10000,False
random,32,0.5,iid,betting,0.95,10000,False
random,32,0.5,iid,betting,0.99,10000,False
random,32,0.5,adaptive,hoeffding,0.9,10000,False
random,32,0.5,adaptive,hoeffding,0.95,10000,False
random,32,0.5,adaptive,hoeffding,0.99,10000,False
random,32,0.5,adaptive,betting,0.9,10000,False
random,32,0.5,adaptive,betting,0.95,10000,False
random,32,0.5,adaptive,betting,0.99,10000,False
